{"players":[{"time":20.130817413330079,"score":29.5,"objPushed":25},{"time":17.20515251159668,"score":16.25,"objPushed":39},{"time":29.004098892211915,"score":33.0,"objPushed":61},{"time":21.198396682739259,"score":44.0,"objPushed":50}]}